invoice_id,work_order_number,invoice_date,billing_status,billed_amount
INV-780000,WO-35000001,2026-04-21,Issued,506.13
INV-780001,WO-35000001,2026-04-22,Issued,901.68
INV-780002,WO-35000002,2025-11-18,Paid,320.76
INV-780003,WO-35000002,2025-11-09,Paid,371.76
INV-780004,WO-35000002,2025-11-04,Issued,243.35
INV-780005,WO-35000003,2026-04-02,Draft,512.98
INV-780006,WO-35000005,2025-07-06,Issued,1908.93
INV-780007,WO-35000005,2025-07-06,Paid,87.21
INV-780008,WO-35000007,2025-11-24,Paid,1482.85
INV-780009,WO-35000008,2026-04-20,Draft,220.28
INV-780010,WO-35000009,2025-02-11,Paid,1669.18
INV-780011,WO-35000009,2025-02-08,Issued,550.49
INV-780012,WO-35000010,2025-08-25,Progress Billing,229.19
INV-780013,WO-35000012,2025-04-21,Paid,1141.22
INV-780014,WO-35000012,2025-04-15,Paid,210.13
INV-780015,WO-35000016,2025-10-24,Progress Billing,113.13
INV-780016,WO-35000018,2026-04-22,Paid,1199.94
INV-780017,WO-35000019,2025-05-25,Paid,209.07
INV-780018,WO-35000019,2025-05-22,Paid,366.61
INV-780019,WO-35000019,2025-05-27,Paid,252.92
INV-780020,WO-35000020,2025-12-18,Paid,47.96
INV-780021,WO-35000020,2025-12-18,Paid,1310.88
INV-780022,WO-35000020,2025-12-19,Paid,229.66
INV-780023,WO-35000021,2026-03-18,Paid,883.54
INV-780024,WO-35000021,2026-03-14,Issued,270.6
INV-780025,WO-35000022,2026-01-06,Paid,61.77
INV-780026,WO-35000022,2026-01-06,Paid,1187.29
INV-780027,WO-35000023,2025-02-25,Paid,106.66
INV-780028,WO-35000023,2025-02-22,Paid,1969.1
INV-780029,WO-35000023,2025-02-27,Paid,88.85
INV-780030,WO-35000024,2025-06-11,Progress Billing,604.38
INV-780031,WO-35000025,2025-05-22,Issued,546.7
INV-780032,WO-35000025,2025-05-23,Paid,155.25
INV-780033,WO-35000026,2026-01-06,Paid,1872.61
INV-780034,WO-35000029,2025-05-20,Draft,367.98
INV-780035,WO-35000030,2025-07-16,Paid,1241.25
INV-780036,WO-35000030,2025-07-14,Paid,16.51
INV-780037,WO-35000031,2026-06-14,Issued,889.35
INV-780038,WO-35000033,2025-04-28,Draft,266.23
INV-780039,WO-35000034,2025-02-09,Issued,159.39
INV-780040,WO-35000034,2025-02-14,Issued,197.53
INV-780041,WO-35000034,2025-02-08,Paid,1247.84
INV-780042,WO-35000035,2025-04-17,Paid,1772.1
INV-780043,WO-35000041,2026-03-25,Paid,1294.28
INV-780044,WO-35000041,2026-03-24,Paid,92.87
INV-780045,WO-35000042,2025-07-20,Progress Billing,157.83
INV-780046,WO-35000044,2026-01-20,Paid,770.05
INV-780047,WO-35000045,2025-11-13,Draft,801.13
INV-780048,WO-35000047,2025-07-01,Paid,264.59
INV-780049,WO-35000047,2025-06-25,Issued,734.25
INV-780050,WO-35000047,2025-07-07,Paid,499.51
INV-780051,WO-35000050,2025-03-20,Paid,26.49
INV-780052,WO-35000050,2025-03-26,Paid,1110.46
INV-780053,WO-35000051,2026-06-10,Paid,1579.99
INV-780054,WO-35000052,2026-01-09,Progress Billing,339.48
INV-780055,WO-35000053,2026-04-17,Paid,968.18
INV-780056,WO-35000053,2026-04-11,Paid,177.52
INV-780057,WO-35000053,2026-04-12,Paid,69.74
INV-780058,WO-35000055,2025-10-22,Paid,1112.48
INV-780059,WO-35000056,2025-05-13,Progress Billing,186.0
INV-780060,WO-35000057,2026-02-18,Paid,89.54
INV-780061,WO-35000057,2026-02-13,Paid,597.9
INV-780062,WO-35000057,2026-02-16,Paid,278.61
INV-780063,WO-35000058,2026-03-17,Issued,995.13
INV-780064,WO-35000058,2026-03-15,Paid,53.08
INV-780065,WO-35000059,2025-08-29,Paid,1187.51
INV-780066,WO-35000060,2026-05-23,Draft,436.64
INV-780067,WO-35000061,2025-05-11,Paid,865.67
INV-780068,WO-35000063,2025-06-28,Draft,379.82
INV-780069,WO-35000064,2025-11-16,Paid,687.67
INV-780070,WO-35000064,2025-11-16,Issued,165.92
INV-780071,WO-35000064,2025-11-21,Paid,696.01
INV-780072,WO-35000067,2025-03-27,Paid,1031.91
INV-780073,WO-35000067,2025-03-25,Paid,1.13
INV-780074,WO-35000068,2026-06-02,Draft,429.42
INV-780075,WO-35000069,2025-03-14,Draft,465.9
INV-780076,WO-35000070,2026-04-04,Paid,1129.2
INV-780077,WO-35000070,2026-04-04,Paid,330.67
INV-780078,WO-35000073,2026-01-11,Paid,1163.19
INV-780079,WO-35000073,2026-01-05,Paid,176.33
INV-780080,WO-35000075,2025-06-01,Draft,689.75
INV-780081,WO-35000076,2025-02-14,Paid,1517.64
INV-780082,WO-35000077,2025-05-27,Draft,949.03
INV-780083,WO-35000078,2025-04-28,Paid,1725.49
INV-780084,WO-35000079,2025-07-13,Draft,974.82
INV-780085,WO-35000080,2025-09-05,Paid,14.03
INV-780086,WO-35000080,2025-08-27,Issued,1027.95
INV-780087,WO-35000081,2025-02-24,Paid,1587.03
INV-780088,WO-35000083,2026-05-12,Progress Billing,359.47
INV-780089,WO-35000086,2025-06-29,Paid,231.94
INV-780090,WO-35000086,2025-06-22,Paid,430.63
INV-780091,WO-35000086,2025-06-26,Issued,948.79
INV-780092,WO-35000087,2025-06-16,Issued,599.6
INV-780093,WO-35000087,2025-06-08,Paid,381.4
INV-780094,WO-35000088,2026-03-14,Paid,423.69
INV-780095,WO-35000088,2026-03-06,Paid,600.11
INV-780096,WO-35000088,2026-03-05,Paid,651.86
INV-780097,WO-35000090,2026-06-08,Draft,516.63
INV-780098,WO-35000092,2026-01-21,Issued,1414.53
INV-780099,WO-35000093,2026-01-25,Issued,1176.68
INV-780100,WO-35000094,2025-07-03,Paid,1281.17
INV-780101,WO-35000094,2025-06-30,Issued,609.72
INV-780102,WO-35000098,2025-10-16,Draft,266.24
INV-780103,WO-35000099,2025-09-04,Paid,1219.81
INV-780104,WO-35000100,2025-02-25,Paid,382.37
INV-780105,WO-35000100,2025-02-27,Paid,526.47
INV-780106,WO-35000100,2025-02-24,Issued,794.91
INV-780107,WO-35000101,2025-04-27,Paid,1959.05
INV-780108,WO-35000102,2025-04-03,Paid,1452.43
INV-780109,WO-35000103,2026-01-02,Paid,2193.66
INV-780110,WO-35000104,2026-06-03,Draft,709.32
INV-780111,WO-35000106,2025-10-28,Progress Billing,226.63
INV-780112,WO-35000117,2025-09-25,Paid,667.82
INV-780113,WO-35000117,2025-09-13,Issued,66.1
INV-780114,WO-35000117,2025-09-23,Issued,519.49
INV-780115,WO-35000118,2026-02-08,Paid,914.92
INV-780116,WO-35000118,2026-02-03,Paid,166.55
INV-780117,WO-35000118,2026-02-12,Paid,18.59
INV-780118,WO-35000119,2026-02-15,Paid,1583.94
INV-780119,WO-35000120,2025-09-15,Paid,1888.49
INV-780120,WO-35000121,2025-03-17,Paid,471.99
INV-780121,WO-35000121,2025-03-21,Paid,204.12
INV-780122,WO-35000121,2025-03-26,Paid,559.19
INV-780123,WO-35000123,2026-03-18,Paid,726.27
INV-780124,WO-35000123,2026-03-23,Paid,225.1
INV-780125,WO-35000123,2026-03-22,Issued,487.48
INV-780126,WO-35000124,2025-02-27,Progress Billing,375.22
INV-780127,WO-35000127,2025-09-11,Paid,344.94
INV-780128,WO-35000127,2025-09-03,Paid,753.86
INV-780129,WO-35000127,2025-08-29,Issued,108.66
INV-780130,WO-35000129,2025-04-14,Issued,181.1
INV-780131,WO-35000129,2025-04-17,Issued,407.18
INV-780132,WO-35000129,2025-04-14,Paid,1478.81
INV-780133,WO-35000130,2025-12-27,Progress Billing,832.04
INV-780134,WO-35000131,2025-10-28,Draft,707.54
INV-780135,WO-35000132,2025-12-02,Paid,1735.47
INV-780136,WO-35000133,2025-03-12,Draft,410.21
INV-780137,WO-35000134,2025-04-17,Draft,740.71
INV-780138,WO-35000135,2025-07-19,Paid,846.61
INV-780139,WO-35000135,2025-07-16,Paid,115.17
INV-780140,WO-35000137,2025-09-19,Issued,164.9
INV-780141,WO-35000137,2025-09-30,Paid,1436.54
INV-780142,WO-35000138,2025-07-06,Paid,1002.72
INV-780143,WO-35000138,2025-07-03,Issued,1101.46
INV-780144,WO-35000138,2025-07-13,Paid,57.25
INV-780145,WO-35000139,2026-05-12,Paid,1198.68
INV-780146,WO-35000140,2026-01-13,Paid,1121.99
INV-780147,WO-35000141,2025-07-02,Issued,776.14
INV-780148,WO-35000141,2025-06-29,Issued,766.95
INV-780149,WO-35000142,2025-03-05,Paid,727.94
INV-780150,WO-35000142,2025-03-12,Paid,1051.91
INV-780151,WO-35000144,2025-04-19,Issued,74.5
INV-780152,WO-35000144,2025-04-30,Paid,1331.74
INV-780153,WO-35000145,2026-03-20,Paid,1224.21
INV-780154,WO-35000148,2025-02-23,Draft,817.48
INV-780155,WO-35000150,2025-10-01,Paid,471.46
INV-780156,WO-35000150,2025-09-21,Paid,865.19
INV-780157,WO-35000151,2025-08-11,Draft,427.51
INV-780158,WO-35000152,2025-05-14,Issued,1048.5
INV-780159,WO-35000153,2025-04-22,Draft,272.33
INV-780160,WO-35000154,2025-12-18,Paid,466.57
INV-780161,WO-35000154,2025-12-22,Issued,304.48
INV-780162,WO-35000154,2025-12-17,Paid,310.08
INV-780163,WO-35000155,2026-05-10,Paid,359.28
INV-780164,WO-35000155,2026-05-04,Paid,1322.23
INV-780165,WO-35000156,2025-08-30,Paid,140.66
INV-780166,WO-35000156,2025-08-26,Paid,1495.84
INV-780167,WO-35000158,2026-03-17,Issued,503.82
INV-780168,WO-35000158,2026-03-19,Paid,656.56
INV-780169,WO-35000158,2026-03-22,Paid,788.26
INV-780170,WO-35000160,2025-07-13,Paid,348.09
INV-780171,WO-35000160,2025-07-09,Issued,988.37
INV-780172,WO-35000161,2025-06-16,Paid,598.82
INV-780173,WO-35000161,2025-06-22,Issued,1084.52
INV-780174,WO-35000163,2025-10-16,Paid,1191.49
INV-780175,WO-35000163,2025-10-17,Paid,251.91
INV-780176,WO-35000164,2026-02-18,Draft,792.86
INV-780177,WO-35000165,2026-01-10,Paid,1453.86
INV-780178,WO-35000167,2026-03-17,Paid,772.28
INV-780179,WO-35000167,2026-03-16,Issued,271.72
INV-780180,WO-35000167,2026-03-17,Paid,291.37
INV-780181,WO-35000168,2025-11-01,Paid,1748.22
INV-780182,WO-35000170,2025-04-10,Issued,261.59
INV-780183,WO-35000170,2025-04-09,Paid,598.02
INV-780184,WO-35000173,2025-09-22,Progress Billing,537.75
INV-780185,WO-35000174,2025-05-05,Issued,457.76
INV-780186,WO-35000174,2025-04-28,Issued,493.96
INV-780187,WO-35000174,2025-04-26,Paid,109.71
INV-780188,WO-35000175,2025-04-22,Paid,885.21
INV-780189,WO-35000175,2025-04-15,Issued,395.41
INV-780190,WO-35000176,2026-03-30,Paid,941.74
INV-780191,WO-35000176,2026-04-03,Paid,337.47
INV-780192,WO-35000177,2025-11-16,Paid,1808.18
INV-780193,WO-35000179,2025-09-10,Paid,238.23
INV-780194,WO-35000179,2025-09-12,Paid,17.2
INV-780195,WO-35000179,2025-09-14,Issued,436.69
INV-780196,WO-35000181,2025-12-27,Issued,1053.71
INV-780197,WO-35000181,2025-12-29,Paid,4.38
INV-780198,WO-35000182,2025-03-05,Paid,265.47
INV-780199,WO-35000182,2025-03-16,Paid,1034.43
INV-780200,WO-35000183,2026-04-08,Paid,982.75
INV-780201,WO-35000184,2026-01-11,Paid,150.46
INV-780202,WO-35000184,2026-01-14,Paid,1045.39
INV-780203,WO-35000185,2025-06-08,Paid,2181.13
INV-780204,WO-35000187,2026-02-08,Issued,793.79
INV-780205,WO-35000187,2026-02-06,Issued,182.56
INV-780206,WO-35000188,2025-11-01,Paid,733.35
INV-780207,WO-35000188,2025-10-30,Paid,616.37
INV-780208,WO-35000189,2025-10-21,Draft,787.19
INV-780209,WO-35000191,2026-04-16,Paid,1142.87
INV-780210,WO-35000191,2026-04-03,Paid,436.03
INV-780211,WO-35000191,2026-04-08,Issued,322.28
INV-780212,WO-35000193,2025-04-11,Paid,163.71
INV-780213,WO-35000193,2025-04-12,Issued,538.38
INV-780214,WO-35000193,2025-04-12,Paid,862.62
INV-780215,WO-35000194,2025-12-03,Paid,161.06
INV-780216,WO-35000194,2025-12-03,Paid,1205.96
INV-780217,WO-35000194,2025-11-27,Paid,107.26
INV-780218,WO-35000195,2025-10-05,Paid,1127.26
INV-780219,WO-35000195,2025-10-12,Issued,969.29
INV-780220,WO-35000196,2025-10-02,Paid,1567.82
INV-780221,WO-35000197,2026-05-27,Draft,686.53
INV-780222,WO-35000198,2025-02-01,Draft,357.21
INV-780223,WO-35000200,2025-02-14,Draft,662.39
INV-780224,WO-35000201,2025-09-05,Paid,614.11
INV-780225,WO-35000201,2025-08-30,Paid,318.67
INV-780226,WO-35000202,2025-05-06,Progress Billing,677.58
INV-780227,WO-35000203,2026-02-11,Paid,7.1
INV-780228,WO-35000203,2026-02-14,Paid,5.07
INV-780229,WO-35000203,2026-02-14,Paid,828.27
INV-780230,WO-35000204,2025-03-10,Issued,216.1
INV-780231,WO-35000204,2025-03-08,Paid,187.98
INV-780232,WO-35000204,2025-03-10,Paid,840.14
INV-780233,WO-35000205,2025-04-01,Paid,463.66
INV-780234,WO-35000205,2025-04-04,Paid,1038.33
INV-780235,WO-35000205,2025-04-13,Issued,0.34
INV-780236,WO-35000206,2025-09-18,Draft,423.68
INV-780237,WO-35000207,2025-04-20,Draft,205.7
INV-780238,WO-35000210,2025-02-24,Paid,314.06
INV-780239,WO-35000210,2025-02-21,Paid,965.8
INV-780240,WO-35000213,2026-05-14,Paid,998.93
INV-780241,WO-35000213,2026-05-10,Paid,213.51
INV-780242,WO-35000213,2026-05-20,Paid,282.73
INV-780243,WO-35000214,2025-07-10,Paid,991.97
INV-780244,WO-35000214,2025-07-07,Paid,443.47
INV-780245,WO-35000215,2025-06-05,Paid,114.72
INV-780246,WO-35000215,2025-06-05,Paid,501.95
INV-780247,WO-35000215,2025-06-09,Paid,342.29
INV-780248,WO-35000216,2025-03-16,Progress Billing,170.36
INV-780249,WO-35000217,2026-06-13,Draft,265.42
INV-780250,WO-35000218,2025-08-28,Paid,53.99
INV-780251,WO-35000218,2025-08-19,Paid,701.89
INV-780252,WO-35000218,2025-08-29,Paid,903.57
INV-780253,WO-35000219,2025-06-10,Draft,367.84
INV-780254,WO-35000220,2025-09-02,Issued,176.67
INV-780255,WO-35000220,2025-08-23,Paid,991.61
INV-780256,WO-35000221,2025-05-08,Paid,948.59
INV-780257,WO-35000222,2026-06-16,Progress Billing,514.74
INV-780258,WO-35000223,2025-07-03,Paid,1774.71
INV-780259,WO-35000224,2025-09-13,Paid,1243.05
INV-780260,WO-35000225,2025-08-16,Progress Billing,406.27
INV-780261,WO-35000226,2025-05-25,Paid,58.04
INV-780262,WO-35000226,2025-05-22,Paid,75.09
INV-780263,WO-35000226,2025-05-31,Paid,660.41
INV-780264,WO-35000227,2026-05-04,Draft,168.11
INV-780265,WO-35000229,2025-11-10,Paid,95.54
INV-780266,WO-35000229,2025-11-21,Paid,1257.66
INV-780267,WO-35000230,2026-05-21,Paid,297.27
INV-780268,WO-35000230,2026-05-13,Paid,206.55
INV-780269,WO-35000230,2026-05-12,Issued,742.26
INV-780270,WO-35000231,2026-03-15,Paid,877.97
INV-780271,WO-35000231,2026-03-12,Paid,426.54
INV-780272,WO-35000232,2025-06-23,Paid,1068.47
INV-780273,WO-35000236,2026-05-16,Issued,310.34
INV-780274,WO-35000236,2026-05-14,Issued,485.68
INV-780275,WO-35000236,2026-05-15,Paid,113.05
INV-780276,WO-35000237,2026-01-22,Draft,206.54
INV-780277,WO-35000238,2025-09-22,Draft,492.52
INV-780278,WO-35000239,2025-11-25,Paid,141.51
INV-780279,WO-35000239,2025-11-25,Issued,344.29
INV-780280,WO-35000239,2025-11-25,Issued,790.48
INV-780281,WO-35000240,2025-04-07,Paid,1777.23
INV-780282,WO-35000241,2025-12-25,Issued,1942.43
INV-780283,WO-35000243,2025-12-08,Paid,218.9
INV-780284,WO-35000243,2025-12-12,Issued,1113.19
INV-780285,WO-35000244,2026-03-08,Paid,1108.62
INV-780286,WO-35000245,2025-02-25,Paid,1896.24
INV-780287,WO-35000246,2025-05-02,Paid,246.31
INV-780288,WO-35000246,2025-05-03,Paid,479.36
INV-780289,WO-35000246,2025-04-20,Paid,69.34
INV-780290,WO-35000247,2025-08-17,Issued,1506.35
INV-780291,WO-35000247,2025-08-24,Issued,164.72
INV-780292,WO-35000251,2025-10-08,Draft,355.44
INV-780293,WO-35000252,2026-02-08,Issued,764.22
INV-780294,WO-35000252,2026-01-27,Paid,1203.64
INV-780295,WO-35000254,2025-07-22,Paid,387.84
INV-780296,WO-35000254,2025-07-15,Paid,288.43
INV-780297,WO-35000255,2026-01-07,Paid,1007.69
INV-780298,WO-35000256,2025-08-22,Draft,337.1
INV-780299,WO-35000257,2026-04-09,Draft,751.25
INV-780300,WO-35000258,2025-05-30,Paid,1475.72
INV-780301,WO-35000259,2025-10-15,Paid,63.62
INV-780302,WO-35000259,2025-10-02,Issued,1342.18
INV-780303,WO-35000261,2025-12-09,Issued,390.7
INV-780304,WO-35000261,2025-12-08,Issued,494.91
INV-780305,WO-35000262,2025-09-24,Paid,1447.76
INV-780306,WO-35000263,2025-12-06,Paid,743.02
INV-780307,WO-35000264,2025-08-05,Issued,167.86
INV-780308,WO-35000264,2025-08-01,Paid,1116.75
INV-780309,WO-35000264,2025-08-01,Paid,267.35
INV-780310,WO-35000265,2026-05-15,Paid,495.61
INV-780311,WO-35000265,2026-05-07,Paid,229.56
INV-780312,WO-35000267,2025-05-21,Paid,25.58
INV-780313,WO-35000267,2025-05-20,Paid,132.65
INV-780314,WO-35000267,2025-05-09,Paid,549.65
INV-780315,WO-35000268,2026-05-15,Paid,1246.59
INV-780316,WO-35000269,2025-02-24,Paid,58.62
INV-780317,WO-35000269,2025-02-22,Paid,1644.17
INV-780318,WO-35000271,2026-04-02,Paid,794.42
INV-780319,WO-35000271,2026-04-06,Paid,868.51
INV-780320,WO-35000273,2026-02-13,Draft,363.35
INV-780321,WO-35000275,2026-04-03,Paid,39.44
INV-780322,WO-35000275,2026-04-09,Paid,456.7
INV-780323,WO-35000275,2026-04-12,Paid,238.98
INV-780324,WO-35000276,2025-11-09,Paid,1128.52
INV-780325,WO-35000276,2025-11-14,Issued,162.84
INV-780326,WO-35000276,2025-11-19,Paid,483.49
INV-780327,WO-35000277,2025-03-11,Paid,358.46
INV-780328,WO-35000277,2025-03-12,Issued,942.38
INV-780329,WO-35000278,2026-04-01,Paid,1794.36
INV-780330,WO-35000279,2026-01-20,Paid,460.12
INV-780331,WO-35000279,2026-01-14,Paid,130.21
INV-780332,WO-35000279,2026-01-20,Paid,386.28
INV-780333,WO-35000280,2025-07-26,Draft,506.01
INV-780334,WO-35000281,2025-08-29,Paid,483.49
INV-780335,WO-35000281,2025-08-16,Paid,685.33
INV-780336,WO-35000281,2025-08-17,Paid,883.22
INV-780337,WO-35000282,2025-07-12,Paid,782.02
INV-780338,WO-35000282,2025-07-13,Issued,450.13
INV-780339,WO-35000283,2025-11-01,Paid,1410.41
INV-780340,WO-35000284,2025-06-11,Paid,280.21
INV-780341,WO-35000284,2025-06-20,Paid,716.98
INV-780342,WO-35000284,2025-06-20,Paid,283.86
INV-780343,WO-35000285,2025-02-03,Paid,169.62
INV-780344,WO-35000285,2025-02-10,Issued,870.58
INV-780345,WO-35000287,2025-10-15,Issued,1245.47
INV-780346,WO-35000289,2025-03-16,Paid,577.38
INV-780347,WO-35000289,2025-03-18,Paid,979.26
INV-780348,WO-35000290,2026-03-11,Paid,569.69
INV-780349,WO-35000290,2026-03-20,Paid,988.32
INV-780350,WO-35000291,2025-08-29,Paid,33.89
INV-780351,WO-35000291,2025-08-25,Paid,1094.33
INV-780352,WO-35000292,2025-12-02,Progress Billing,577.65
INV-780353,WO-35000294,2026-05-06,Paid,583.98
INV-780354,WO-35000294,2026-05-09,Paid,642.67
INV-780355,WO-35000297,2025-08-15,Draft,222.14
INV-780356,WO-35000298,2026-05-01,Draft,391.0
INV-780357,WO-35000299,2025-08-01,Paid,102.32
INV-780358,WO-35000299,2025-08-03,Issued,1068.73
INV-780359,WO-35000300,2025-04-04,Paid,826.92
INV-780360,WO-35000302,2026-02-28,Progress Billing,313.47
INV-780361,WO-35000304,2026-03-19,Issued,918.01
INV-780362,WO-35000304,2026-03-30,Paid,138.66
INV-780363,WO-35000305,2025-04-11,Issued,638.15
INV-780364,WO-35000307,2025-08-04,Paid,217.52
INV-780365,WO-35000307,2025-07-31,Issued,567.8
INV-780366,WO-35000307,2025-07-30,Paid,110.18
INV-780367,WO-35000310,2026-05-18,Paid,1180.6
INV-780368,WO-35000310,2026-05-26,Paid,578.28
INV-780369,WO-35000311,2025-10-25,Paid,1137.37
INV-780370,WO-35000311,2025-10-17,Paid,242.03
INV-780371,WO-35000313,2026-01-31,Paid,177.2
INV-780372,WO-35000313,2026-01-23,Paid,569.43
INV-780373,WO-35000313,2026-01-30,Paid,588.42
INV-780374,WO-35000314,2025-12-02,Draft,776.81
INV-780375,WO-35000315,2025-02-23,Issued,106.84
INV-780376,WO-35000315,2025-02-13,Issued,1076.82
INV-780377,WO-35000317,2026-06-17,Issued,122.54
INV-780378,WO-35000317,2026-06-20,Paid,1300.48
INV-780379,WO-35000319,2026-05-01,Paid,949.61
INV-780380,WO-35000320,2025-05-25,Issued,1693.92
INV-780381,WO-35000321,2025-06-22,Paid,2013.04
INV-780382,WO-35000322,2026-06-14,Paid,1826.7
INV-780383,WO-35000323,2026-02-02,Paid,195.03
INV-780384,WO-35000323,2026-01-24,Issued,1147.76
INV-780385,WO-35000323,2026-01-30,Paid,420.96
INV-780386,WO-35000324,2025-04-24,Draft,190.36
INV-780387,WO-35000327,2025-02-18,Paid,1292.74
INV-780388,WO-35000327,2025-02-10,Issued,142.55
INV-780389,WO-35000328,2025-09-28,Paid,85.06
INV-780390,WO-35000328,2025-10-09,Paid,784.72
INV-780391,WO-35000329,2025-12-05,Paid,1639.86
INV-780392,WO-35000330,2025-07-22,Paid,832.69
INV-780393,WO-35000330,2025-07-22,Paid,18.06
INV-780394,WO-35000330,2025-07-30,Paid,101.89
INV-780395,WO-35000333,2026-04-12,Paid,1373.93
INV-780396,WO-35000335,2025-08-12,Paid,1415.46
INV-780397,WO-35000336,2026-01-12,Progress Billing,363.11
INV-780398,WO-35000337,2025-12-27,Draft,357.84
INV-780399,WO-35000339,2025-12-29,Paid,1996.03
INV-780400,WO-35000341,2025-02-11,Progress Billing,242.4
INV-780401,WO-35000342,2025-12-29,Paid,445.18
INV-780402,WO-35000342,2025-12-19,Paid,106.08
INV-780403,WO-35000345,2026-05-15,Paid,834.9
INV-780404,WO-35000346,2026-06-16,Paid,685.88
INV-780405,WO-35000346,2026-06-20,Paid,873.69
INV-780406,WO-35000346,2026-06-08,Paid,138.62
INV-780407,WO-35000347,2025-07-24,Paid,69.35
INV-780408,WO-35000347,2025-07-19,Paid,1401.04
INV-780409,WO-35000347,2025-07-19,Paid,64.0
INV-780410,WO-35000349,2025-09-03,Paid,284.29
INV-780411,WO-35000349,2025-09-12,Paid,688.28
INV-780412,WO-35000349,2025-09-04,Paid,151.56
INV-780413,WO-35000350,2025-03-06,Draft,272.02
INV-780414,WO-35000352,2025-03-08,Paid,590.24
INV-780415,WO-35000352,2025-03-02,Paid,19.58
INV-780416,WO-35000352,2025-03-02,Paid,358.0
INV-780417,WO-35000353,2025-04-10,Paid,1139.03
INV-780418,WO-35000353,2025-04-14,Paid,41.87
INV-780419,WO-35000354,2026-03-03,Paid,1138.27
INV-780420,WO-35000356,2025-08-17,Paid,731.23
INV-780421,WO-35000356,2025-08-13,Paid,927.71
INV-780422,WO-35000356,2025-08-10,Paid,377.38
INV-780423,WO-35000358,2025-07-13,Draft,420.26
INV-780424,WO-35000359,2026-06-07,Paid,2011.0
INV-780425,WO-35000360,2025-01-17,Issued,968.41
INV-780426,WO-35000360,2025-01-23,Paid,685.71
INV-780427,WO-35000361,2026-06-14,Paid,1995.13
INV-780428,WO-35000362,2025-05-20,Paid,1969.7
INV-780429,WO-35000363,2025-05-23,Paid,672.36
INV-780430,WO-35000363,2025-05-13,Paid,1265.81
INV-780431,WO-35000364,2026-01-04,Issued,163.53
INV-780432,WO-35000364,2026-01-06,Paid,852.7
INV-780433,WO-35000366,2025-02-05,Paid,122.0
INV-780434,WO-35000366,2025-02-01,Issued,341.57
INV-780435,WO-35000366,2025-02-04,Issued,830.19
INV-780436,WO-35000367,2025-04-05,Paid,430.66
INV-780437,WO-35000367,2025-04-19,Issued,76.05
INV-780438,WO-35000367,2025-04-17,Issued,484.29
INV-780439,WO-35000368,2025-04-05,Paid,483.32
INV-780440,WO-35000368,2025-03-31,Paid,102.59
INV-780441,WO-35000368,2025-04-06,Paid,158.36
INV-780442,WO-35000369,2025-03-13,Paid,1068.74
INV-780443,WO-35000370,2025-08-30,Draft,728.17
INV-780444,WO-35000371,2025-07-08,Draft,330.14
INV-780445,WO-35000372,2026-01-12,Paid,573.55
INV-780446,WO-35000372,2026-01-14,Paid,54.1
INV-780447,WO-35000372,2026-01-15,Issued,679.07
INV-780448,WO-35000373,2025-02-28,Draft,334.85
INV-780449,WO-35000374,2025-04-02,Paid,1350.54
INV-780450,WO-35000375,2025-01-16,Draft,255.4
INV-780451,WO-35000376,2025-09-14,Progress Billing,699.74
INV-780452,WO-35000377,2025-02-15,Issued,2153.07
INV-780453,WO-35000379,2026-06-06,Progress Billing,616.72
INV-780454,WO-35000380,2026-04-22,Paid,984.09
INV-780455,WO-35000381,2025-11-06,Paid,113.98
INV-780456,WO-35000381,2025-11-04,Paid,1435.54
INV-780457,WO-35000381,2025-10-29,Paid,314.22
INV-780458,WO-35000382,2026-01-24,Draft,374.28
INV-780459,WO-35000383,2026-03-14,Paid,734.39
INV-780460,WO-35000383,2026-03-11,Issued,295.1
INV-780461,WO-35000387,2026-02-23,Paid,921.97
INV-780462,WO-35000387,2026-02-25,Issued,362.47
INV-780463,WO-35000389,2025-10-18,Issued,765.83
INV-780464,WO-35000389,2025-10-19,Issued,612.85
INV-780465,WO-35000390,2025-07-26,Paid,949.75
INV-780466,WO-35000392,2025-08-25,Paid,339.18
INV-780467,WO-35000392,2025-08-26,Issued,423.46
INV-780468,WO-35000392,2025-08-24,Paid,912.17
INV-780469,WO-35000393,2025-11-23,Draft,356.69
INV-780470,WO-35000394,2026-05-26,Issued,602.12
INV-780471,WO-35000394,2026-05-26,Paid,882.15
INV-780472,WO-35000394,2026-05-28,Paid,174.86
INV-780473,WO-35000395,2026-01-17,Draft,886.21
INV-780474,WO-35000396,2025-10-15,Paid,476.7
INV-780475,WO-35000396,2025-10-18,Paid,1498.21
INV-780476,WO-35000397,2026-04-07,Paid,682.68
INV-780477,WO-35000397,2026-04-16,Paid,277.34
INV-780478,WO-35000397,2026-04-06,Paid,89.44
INV-780479,WO-35000398,2025-10-18,Paid,79.24
INV-780480,WO-35000398,2025-10-14,Paid,446.37
INV-780481,WO-35000398,2025-10-21,Paid,1164.1
INV-780482,WO-35000399,2026-01-23,Issued,1187.04
INV-780483,WO-35000399,2026-01-25,Paid,404.36
INV-780484,WO-35000400,2026-05-08,Issued,1503.02
INV-780485,WO-35000402,2026-02-24,Draft,598.95
INV-780486,WO-35000403,2025-10-16,Paid,142.45
INV-780487,WO-35000403,2025-10-25,Paid,581.23
INV-780488,WO-35000403,2025-10-17,Paid,812.93
INV-780489,WO-35000404,2026-03-25,Draft,372.91
INV-780490,WO-35000405,2025-05-02,Paid,1940.34
INV-780491,WO-35000406,2025-09-26,Paid,599.57
INV-780492,WO-35000406,2025-09-27,Paid,125.17
INV-780493,WO-35000409,2025-06-22,Paid,724.86
INV-780494,WO-35000409,2025-06-15,Paid,266.87
INV-780495,WO-35000409,2025-06-18,Paid,427.23
INV-780496,WO-35000410,2025-06-13,Draft,353.92
INV-780497,WO-35000412,2026-01-09,Issued,1002.18
INV-780498,WO-35000412,2026-01-14,Paid,74.72
INV-780499,WO-35000414,2025-06-15,Draft,231.49
INV-780500,WO-35000416,2025-09-25,Paid,1258.38
INV-780501,WO-35000417,2025-04-02,Progress Billing,432.06
INV-780502,WO-35000421,2025-04-21,Paid,397.33
INV-780503,WO-35000421,2025-04-22,Paid,142.07
INV-780504,WO-35000421,2025-04-19,Paid,205.75
INV-780505,WO-35000422,2026-04-08,Paid,38.01
INV-780506,WO-35000422,2026-04-12,Paid,908.98
INV-780507,WO-35000422,2026-04-18,Issued,273.53
INV-780508,WO-35000423,2025-10-18,Draft,329.95
INV-780509,WO-35000424,2025-06-12,Progress Billing,181.4
INV-780510,WO-35000425,2026-06-11,Paid,2150.52
INV-780511,WO-35000426,2026-02-14,Paid,154.89
INV-780512,WO-35000426,2026-02-08,Paid,759.39
INV-780513,WO-35000427,2026-02-22,Paid,1423.28
INV-780514,WO-35000427,2026-02-26,Paid,122.79
INV-780515,WO-35000428,2026-05-02,Issued,154.2
INV-780516,WO-35000428,2026-05-01,Issued,786.73
INV-780517,WO-35000430,2025-02-17,Paid,518.05
INV-780518,WO-35000430,2025-02-03,Paid,501.09
INV-780519,WO-35000430,2025-02-10,Issued,69.94
INV-780520,WO-35000431,2025-07-23,Paid,754.84
INV-780521,WO-35000431,2025-07-29,Paid,562.56
INV-780522,WO-35000431,2025-07-30,Issued,182.18
INV-780523,WO-35000433,2026-06-10,Paid,1111.15
INV-780524,WO-35000434,2026-02-06,Issued,1685.47
INV-780525,WO-35000434,2026-02-06,Issued,404.03
INV-780526,WO-35000436,2025-03-31,Paid,328.24
INV-780527,WO-35000436,2025-04-10,Paid,171.18
INV-780528,WO-35000436,2025-04-01,Paid,894.25
INV-780529,WO-35000438,2026-06-09,Draft,581.75
INV-780530,WO-35000439,2026-05-22,Draft,292.25
INV-780531,WO-35000440,2025-04-03,Paid,341.48
INV-780532,WO-35000440,2025-04-02,Issued,1932.18
INV-780533,WO-35000441,2025-03-07,Draft,675.23
INV-780534,WO-35000444,2025-03-13,Progress Billing,306.8
INV-780535,WO-35000446,2025-10-11,Paid,1318.7
INV-780536,WO-35000447,2026-04-15,Paid,352.97
INV-780537,WO-35000447,2026-04-20,Paid,658.15
INV-780538,WO-35000447,2026-04-20,Paid,460.68
INV-780539,WO-35000449,2025-02-23,Paid,587.71
INV-780540,WO-35000449,2025-02-18,Paid,1392.55
INV-780541,WO-35000450,2026-03-03,Paid,1050.72
INV-780542,WO-35000450,2026-03-09,Paid,251.13
INV-780543,WO-35000451,2026-01-23,Paid,128.51
INV-780544,WO-35000451,2026-01-28,Paid,855.91
INV-780545,WO-35000452,2026-01-05,Paid,1142.25
INV-780546,WO-35000454,2026-04-04,Paid,668.32
INV-780547,WO-35000454,2026-03-25,Paid,932.74
INV-780548,WO-35000456,2025-02-04,Progress Billing,360.66
INV-780549,WO-35000460,2025-08-07,Draft,441.87
INV-780550,WO-35000461,2026-03-30,Paid,671.77
INV-780551,WO-35000461,2026-04-10,Paid,1135.35
INV-780552,WO-35000461,2026-04-01,Paid,219.11
INV-780553,WO-35000462,2025-08-12,Paid,1000.28
INV-780554,WO-35000462,2025-08-08,Paid,597.37
INV-780555,WO-35000464,2025-07-06,Paid,618.75
INV-780556,WO-35000464,2025-07-03,Issued,463.52
INV-780557,WO-35000465,2025-04-23,Paid,271.7
INV-780558,WO-35000465,2025-05-04,Paid,814.25
INV-780559,WO-35000465,2025-05-04,Issued,89.82
INV-780560,WO-35000466,2025-11-14,Draft,779.2
INV-780561,WO-35000467,2025-06-30,Draft,321.01
INV-780562,WO-35000468,2025-01-19,Draft,250.62
INV-780563,WO-35000469,2026-01-02,Paid,1524.82
INV-780564,WO-35000470,2026-01-11,Issued,2674.67
INV-780565,WO-35000471,2025-09-02,Paid,766.2
INV-780566,WO-35000471,2025-09-11,Paid,339.32
INV-780567,WO-35000473,2025-08-18,Paid,1028.31
INV-780568,WO-35000473,2025-08-17,Issued,901.4
INV-780569,WO-35000474,2025-07-26,Paid,1196.56
INV-780570,WO-35000475,2025-09-05,Draft,767.47
INV-780571,WO-35000477,2025-07-24,Issued,1368.93
INV-780572,WO-35000477,2025-07-28,Issued,262.81
INV-780573,WO-35000477,2025-07-18,Paid,328.03
INV-780574,WO-35000479,2026-01-16,Draft,551.22
INV-780575,WO-35000480,2025-06-14,Paid,238.4
INV-780576,WO-35000480,2025-06-20,Paid,1340.5
INV-780577,WO-35000481,2026-06-19,Paid,755.04
INV-780578,WO-35000482,2026-02-14,Draft,187.35
INV-780579,WO-35000484,2025-12-01,Issued,553.37
INV-780580,WO-35000484,2025-11-17,Paid,180.17
INV-780581,WO-35000485,2025-07-05,Paid,446.08
INV-780582,WO-35000485,2025-07-09,Issued,516.22
INV-780583,WO-35000486,2025-01-19,Draft,385.48
INV-780584,WO-35000487,2026-03-08,Paid,836.17
INV-780585,WO-35000487,2026-02-23,Paid,294.62
INV-780586,WO-35000487,2026-03-05,Paid,716.02
INV-780587,WO-35000488,2025-03-11,Issued,1208.06
INV-780588,WO-35000489,2026-01-27,Draft,500.72
INV-780589,WO-35000490,2025-04-17,Paid,351.61
INV-780590,WO-35000490,2025-04-12,Paid,104.23
INV-780591,WO-35000490,2025-04-11,Paid,947.31
INV-780592,WO-35000491,2026-02-07,Paid,42.71
INV-780593,WO-35000491,2026-02-02,Issued,737.73
INV-780594,WO-35000491,2026-01-26,Paid,510.24
INV-780595,WO-35000492,2026-06-10,Issued,472.79
INV-780596,WO-35000492,2026-06-08,Issued,227.52
INV-780597,WO-35000492,2026-06-09,Issued,285.38
INV-780598,WO-35000493,2026-04-05,Paid,1444.44
INV-780599,WO-35000495,2025-07-05,Paid,1333.67
INV-780600,WO-35000498,2025-07-27,Issued,113.38
INV-780601,WO-35000498,2025-07-14,Paid,934.5
INV-780602,WO-35000498,2025-07-16,Paid,199.36
INV-780603,WO-35000499,2025-02-23,Draft,440.98
INV-780604,WO-35000500,2025-06-12,Draft,197.21
INV-780605,WO-35000501,2025-07-20,Issued,1486.49
INV-780606,WO-35000502,2026-02-10,Paid,2291.77
INV-780607,WO-35000504,2026-03-17,Paid,1467.12
INV-780608,WO-35000505,2025-05-07,Paid,796.94
INV-780609,WO-35000505,2025-05-18,Issued,205.69
INV-780610,WO-35000505,2025-05-11,Paid,864.73
INV-780611,WO-35000506,2025-05-28,Paid,575.47
INV-780612,WO-35000506,2025-05-24,Issued,1231.78
INV-780613,WO-35000506,2025-06-03,Issued,13.61
INV-780614,WO-35000508,2025-11-19,Paid,1210.15
INV-780615,WO-35000509,2026-02-12,Draft,259.3
INV-780616,WO-35000512,2025-08-22,Issued,57.69
INV-780617,WO-35000512,2025-08-22,Paid,0.93
INV-780618,WO-35000512,2025-08-11,Paid,564.86
INV-780619,WO-35000513,2025-02-19,Paid,306.0
INV-780620,WO-35000513,2025-02-08,Paid,509.64
INV-780621,WO-35000513,2025-02-08,Paid,438.72
INV-780622,WO-35000514,2025-08-12,Paid,66.53
INV-780623,WO-35000514,2025-08-21,Paid,1160.88
INV-780624,WO-35000514,2025-08-15,Paid,547.81
INV-780625,WO-35000515,2026-06-01,Issued,768.81
INV-780626,WO-35000515,2026-06-04,Paid,334.94
INV-780627,WO-35000516,2025-02-04,Paid,738.11
INV-780628,WO-35000516,2025-02-03,Paid,1420.76
INV-780629,WO-35000516,2025-02-07,Paid,315.37
INV-780630,WO-35000517,2025-12-25,Draft,335.57
INV-780631,WO-35000518,2025-06-07,Draft,287.57
INV-780632,WO-35000520,2026-06-11,Draft,587.99
INV-780633,WO-35000521,2026-06-19,Paid,220.28
INV-780634,WO-35000521,2026-06-16,Paid,997.24
INV-780635,WO-35000521,2026-06-22,Paid,419.13
INV-780636,WO-35000522,2025-09-22,Paid,2007.54
INV-780637,WO-35000523,2025-05-22,Paid,730.81
INV-780638,WO-35000523,2025-06-03,Paid,487.74
INV-780639,WO-35000524,2025-08-09,Draft,540.53
INV-780640,WO-35000525,2025-08-15,Paid,226.61
INV-780641,WO-35000525,2025-08-21,Issued,561.88
INV-780642,WO-35000526,2025-12-07,Draft,687.09
INV-780643,WO-35000527,2025-12-10,Paid,472.05
INV-780644,WO-35000527,2025-12-19,Paid,1497.39
INV-780645,WO-35000529,2025-05-15,Draft,593.71
INV-780646,WO-35000530,2025-10-05,Issued,411.79
INV-780647,WO-35000530,2025-10-07,Paid,19.52
INV-780648,WO-35000530,2025-10-04,Paid,485.97
INV-780649,WO-35000531,2025-12-05,Paid,466.5
INV-780650,WO-35000531,2025-12-05,Paid,35.79
INV-780651,WO-35000531,2025-12-09,Issued,402.87
INV-780652,WO-35000532,2025-02-24,Draft,429.16
INV-780653,WO-35000533,2025-02-15,Draft,347.23
INV-780654,WO-35000534,2025-11-14,Draft,367.76
INV-780655,WO-35000535,2026-02-06,Paid,1478.81
INV-780656,WO-35000536,2025-03-22,Issued,1521.12
INV-780657,WO-35000538,2025-05-26,Paid,189.58
INV-780658,WO-35000538,2025-05-26,Paid,857.32
INV-780659,WO-35000538,2025-05-12,Paid,371.58
INV-780660,WO-35000539,2025-02-11,Draft,143.0
INV-780661,WO-35000540,2025-08-01,Paid,1475.54
INV-780662,WO-35000541,2026-02-19,Paid,1040.41
INV-780663,WO-35000541,2026-02-13,Paid,1500.64
INV-780664,WO-35000543,2025-05-06,Paid,1765.76
INV-780665,WO-35000544,2025-05-14,Paid,1957.66
INV-780666,WO-35000545,2025-04-05,Paid,356.63
INV-780667,WO-35000545,2025-04-12,Paid,557.87
INV-780668,WO-35000545,2025-04-02,Paid,39.82
INV-780669,WO-35000546,2025-05-18,Paid,1077.4
INV-780670,WO-35000547,2026-05-06,Draft,528.83
INV-780671,WO-35000548,2025-02-19,Issued,1524.76
INV-780672,WO-35000550,2025-08-21,Draft,246.81
INV-780673,WO-35000551,2026-06-10,Progress Billing,360.65
INV-780674,WO-35000552,2025-03-10,Draft,241.54
INV-780675,WO-35000554,2026-03-03,Paid,368.73
INV-780676,WO-35000554,2026-03-09,Issued,1006.55
INV-780677,WO-35000554,2026-03-03,Issued,631.56
INV-780678,WO-35000555,2026-06-07,Paid,1125.77
INV-780679,WO-35000556,2025-12-10,Paid,759.94
INV-780680,WO-35000556,2025-12-09,Paid,712.15
INV-780681,WO-35000556,2025-12-12,Paid,289.59
INV-780682,WO-35000558,2025-06-20,Paid,387.42
INV-780683,WO-35000558,2025-06-17,Paid,918.87
INV-780684,WO-35000559,2026-02-24,Paid,1113.02
INV-780685,WO-35000560,2025-12-29,Paid,1286.19
INV-780686,WO-35000563,2026-05-15,Paid,808.33
INV-780687,WO-35000563,2026-05-26,Paid,882.44
INV-780688,WO-35000565,2025-07-03,Paid,648.12
INV-780689,WO-35000565,2025-06-22,Paid,656.03
INV-780690,WO-35000566,2025-05-03,Paid,133.99
INV-780691,WO-35000566,2025-04-23,Paid,1345.65
INV-780692,WO-35000566,2025-04-22,Paid,165.83
INV-780693,WO-35000567,2026-05-24,Draft,562.58
INV-780694,WO-35000569,2025-04-03,Draft,228.23
INV-780695,WO-35000570,2025-08-27,Paid,1833.6
INV-780696,WO-35000572,2026-06-13,Paid,238.51
INV-780697,WO-35000572,2026-06-18,Paid,334.92
INV-780698,WO-35000572,2026-06-21,Paid,260.27
INV-780699,WO-35000574,2026-05-07,Draft,489.11
INV-780700,WO-35000575,2025-02-14,Paid,1660.92
INV-780701,WO-35000576,2025-12-15,Issued,475.89
INV-780702,WO-35000576,2025-12-24,Paid,761.41
INV-780703,WO-35000576,2025-12-25,Paid,79.68
INV-780704,WO-35000577,2026-02-26,Paid,772.54
INV-780705,WO-35000579,2025-08-06,Paid,788.67
INV-780706,WO-35000579,2025-08-05,Issued,1120.97
INV-780707,WO-35000579,2025-08-16,Paid,22.33
INV-780708,WO-35000581,2025-07-02,Draft,614.73
INV-780709,WO-35000582,2025-10-24,Paid,1224.01
INV-780710,WO-35000584,2026-06-06,Paid,993.23
INV-780711,WO-35000584,2026-06-02,Issued,10.57
INV-780712,WO-35000588,2025-08-08,Progress Billing,365.83
INV-780713,WO-35000589,2025-11-03,Draft,336.19
INV-780714,WO-35000591,2026-03-11,Paid,1281.7
INV-780715,WO-35000592,2025-11-05,Paid,1604.58
INV-780716,WO-35000594,2025-03-09,Paid,812.37
INV-780717,WO-35000594,2025-03-02,Paid,434.11
INV-780718,WO-35000594,2025-03-10,Paid,144.88
INV-780719,WO-35000595,2025-12-20,Paid,217.7
INV-780720,WO-35000595,2025-12-25,Paid,48.99
INV-780721,WO-35000595,2025-12-26,Paid,1136.07
INV-780722,WO-35000596,2026-03-13,Paid,426.54
INV-780723,WO-35000596,2026-03-23,Paid,857.44
INV-780724,WO-35000597,2025-12-18,Paid,309.07
INV-780725,WO-35000597,2025-12-16,Paid,807.67
INV-780726,WO-35000598,2026-02-05,Issued,459.45
INV-780727,WO-35000598,2026-02-15,Issued,530.98
INV-780728,WO-35000598,2026-02-11,Paid,48.1
INV-780729,WO-35000599,2025-10-22,Issued,1077.78
